project;merge commit;class;method;left modifications;left deletions;right modifications;right deletions
jsoup;fee4762322f85a1109edd75ccb67f38cf5008c80;org.jsoup.helper.HttpConnection;createConnection(Connection.Request);[];[];[609];[]
jOOQ;13c631a7d14f8ba5e91130ddaf3254995e35d495;org.jooq.impl.MetaDataFieldProvider;init(Configuration, ResultSetMetaData);[112, 116, 117, 118, 119, 120, 121, 122];[];[112, 116, 121, 122];[]
jOOQ;d96120f327107feb1ebb15e7c090dc38eeff72ca;org.jooq.impl.DSL;countDistinct(Field<?>);[10551, 10573];[];[10551, 10573];[]
vavr;204635d9156b498079c2f34b821dca7ca1711ef6;javaslang.collection.LinkedHashSet;of(T);[87, 72];[];[87, 72, 92];[]
vavr;204635d9156b498079c2f34b821dca7ca1711ef6;javaslang.collection.Iterator;of(T);[128, 144, 149, 119, 153, 123, 158, 143];[[143, 117], [128, 158]];[128, 144, 161, 149, 119, 153, 123, 158, 143];[[143, 117], [128, 158]]
vavr;204635d9156b498079c2f34b821dca7ca1711ef6;javaslang.collection.CharSeq;of(char);[99, 100, 88];[[101, 88], [100, 88], [99, 88]];[99, 100, 88, 106];[[101, 88], [100, 88], [99, 88]]
vavr;204635d9156b498079c2f34b821dca7ca1711ef6;javaslang.collection.HashSet;of(T);[90, 75];[];[90, 75, 95];[]
Singularity;ec69915f065bf3b7b86c9f13d0c3ee313ad7163d;com.hubspot.singularity.executor.task.SingularityExecutorArtifactVerifier;checkArtifactSignature(S3ArtifactSignature);[69, 75];[];[69, 75];[]
Singularity;ec69915f065bf3b7b86c9f13d0c3ee313ad7163d;com.hubspot.singularity.executor.task.SingularityExecutorArtifactVerifier;checkSignatures();[32];[];[32];[]
Singularity;ec69915f065bf3b7b86c9f13d0c3ee313ad7163d;com.hubspot.singularity.executor.task.SingularityExecutorTaskDefinition;toString();[148, 152];[];[148, 152];[]
Singularity;ec69915f065bf3b7b86c9f13d0c3ee313ad7163d;com.hubspot.singularity.s3.base.config.SingularityS3Credentials;toAWSCredentials();[62];[];[62];[]
Singularity;ec69915f065bf3b7b86c9f13d0c3ee313ad7163d;com.hubspot.singularity.executor.cleanup.SingularityExecutorCleanup;clean();[145, 150, 156, 143];[[168, 172]];[145, 150, 156, 143];[[168, 172]]
Singularity;ec69915f065bf3b7b86c9f13d0c3ee313ad7163d;com.hubspot.singularity.resources.S3LogResource;getS3PrefixesForDeploy(S3Configuration, String, String, Optional<Long>, Optional<Long>);[231, 232, 233, 234, 235, 236];[];[231, 232, 233, 234, 235, 236];[]
Singularity;ec69915f065bf3b7b86c9f13d0c3ee313ad7163d;com.hubspot.singularity.resources.S3LogResource;checkS3();[535];[];[535];[]
Singularity;ec69915f065bf3b7b86c9f13d0c3ee313ad7163d;com.hubspot.singularity.resources.S3LogResource;getMetadataAsLong(Map<String,Object>, String);[];[[268, 464], [267, 464], [266, 464], [264, 463]];[];[[268, 464], [267, 464], [266, 464], [264, 463]]
Singularity;ec69915f065bf3b7b86c9f13d0c3ee313ad7163d;com.hubspot.singularity.resources.S3LogResource;getS3Logs(S3Configuration, Optional<String>, Collection<String>, boolean);[482, 486, 473, 489, 475];[];[482, 486, 473, 489, 475];[]
Singularity;ec69915f065bf3b7b86c9f13d0c3ee313ad7163d;com.hubspot.singularity.resources.S3LogResource;getS3PrefixesForRequest(S3Configuration, String, Optional<Long>, Optional<Long>);[195, 196, 197, 198, 199, 200];[];[195, 196, 197, 198, 199, 200];[]
Singularity;ec69915f065bf3b7b86c9f13d0c3ee313ad7163d;com.hubspot.singularity.resources.S3LogResource;getS3PrefixesForTask(S3Configuration, SingularityTaskId, Optional<Long>, Optional<Long>);[160, 161, 162, 157, 158, 159];[];[160, 161, 162, 157, 158, 159];[]
Singularity;ec69915f065bf3b7b86c9f13d0c3ee313ad7163d;com.hubspot.singularity.SingularityS3Log;toString();[37];[[75, 36], [74, 36], [73, 36]];[37];[[75, 36], [74, 36], [73, 36]]
Singularity;ec69915f065bf3b7b86c9f13d0c3ee313ad7163d;com.hubspot.singularity.executor.cleanup.config.SingularityExecutorCleanupConfiguration;toString();[210, 219, 221];[];[210, 219, 221];[]
Singularity;ec69915f065bf3b7b86c9f13d0c3ee313ad7163d;com.hubspot.singularity.s3.base.config.SingularityS3Configuration;toString();[161, 150, 152, 153];[];[161, 150, 152, 153];[]
Singularity;ec69915f065bf3b7b86c9f13d0c3ee313ad7163d;com.hubspot.singularity.s3.base.config.SingularityS3Configuration;s3ChunkDownloadTimeoutMillis;[46];[];[46];[]
Singularity;ec69915f065bf3b7b86c9f13d0c3ee313ad7163d;com.hubspot.singularity.executor.config.SingularityExecutorConfiguration;toString();[693];[[784, 692], [783, 692], [757, 667], [756, 667], [755, 667], [753, 666], [730, 644]];[693];[[784, 692], [783, 692], [757, 667], [756, 667], [755, 667], [753, 666], [730, 644]]
Singularity;ec69915f065bf3b7b86c9f13d0c3ee313ad7163d;com.hubspot.singularity.s3.base.S3ArtifactChunkDownloader;createDownloader(int);[103, 106];[];[103, 106];[]
Singularity;ec69915f065bf3b7b86c9f13d0c3ee313ad7163d;com.hubspot.singularity.s3uploader.SingularityS3UploaderDriver;handleNewOrModifiedS3Metadata(Path);[432, 433, 420, 436, 422, 392, 430, 414, 431];[];[420, 392, 414];[]
Singularity;ec69915f065bf3b7b86c9f13d0c3ee313ad7163d;com.hubspot.singularity.s3uploader.SingularityS3UploaderDriver;checkUploads();[280];[[274, 277]];[280];[[274, 277]]
Singularity;ec69915f065bf3b7b86c9f13d0c3ee313ad7163d;com.hubspot.singularity.SingularityS3Test;testS3FormatHelper();[32, 33, 19, 35, 20, 22, 39, 26, 28];[];[32, 33, 19, 35, 20, 22, 39, 26, 28];[]
Singularity;ec69915f065bf3b7b86c9f13d0c3ee313ad7163d;com.hubspot.singularity.executor.models.LogrotateTemplateContext;getLogfileName();[125];[];[125];[]
Singularity;ec69915f065bf3b7b86c9f13d0c3ee313ad7163d;com.hubspot.singularity.executor.config.SingularityExecutorTaskBuilder;buildTask(String, ExecutorDriver, TaskInfo, Logger);[75, 77, 78];[];[75, 77, 78];[]
Singularity;ec69915f065bf3b7b86c9f13d0c3ee313ad7163d;com.hubspot.singularity.executor.config.SingularityExecutorTaskBuilder;readExecutorData(ObjectMapper, Protos.TaskInfo);[90];[];[90];[]
Singularity;ec69915f065bf3b7b86c9f13d0c3ee313ad7163d;com.hubspot.deploy.ExecutorDataBuilder;ExecutorDataBuilder(String, List<EmbeddedArtifact>, List<ExternalArtifact>, List<S3Artifact>, List<Integer>, Optional<String>, Optional<String>, List<String>, Optional<String>, Map<String,String>, Optional<Long>, Optional<Integer>, Optional<Boolean>, Optional<String>, Optional<Integer>, Optional<Boolean>, Optional<List<S3ArtifactSignature>>, Optional<SingularityExecutorLogrotateFrequency>);[];[[47, 46]];[];[[47, 46]]
Singularity;ec69915f065bf3b7b86c9f13d0c3ee313ad7163d;com.hubspot.deploy.ExecutorDataBuilder;build();[];[[60, 58]];[];[[60, 58]]
Singularity;ec69915f065bf3b7b86c9f13d0c3ee313ad7163d;com.hubspot.deploy.ExecutorDataBuilder;toString();[];[[241, 230]];[];[[241, 230]]
Singularity;ec69915f065bf3b7b86c9f13d0c3ee313ad7163d;com.hubspot.singularity.executor.models.EnvironmentContext;getDockerParameters();[30];[];[30];[]
Singularity;ec69915f065bf3b7b86c9f13d0c3ee313ad7163d;com.hubspot.singularity.mesos.SingularityMesosTaskBuilder;prepareCustomExecutor(TaskInfo.Builder, SingularityTaskId, SingularityTaskRequest, Protos.Offer, Optional<long[]>, Resources);[384, 370, 361, 362, 365, 366, 367];[];[384, 370, 361, 362, 365, 366, 367];[]
Singularity;ec69915f065bf3b7b86c9f13d0c3ee313ad7163d;com.hubspot.deploy.ExecutorData;toBuilder();[];[[68, 65]];[];[[68, 65]]
Singularity;ec69915f065bf3b7b86c9f13d0c3ee313ad7163d;com.hubspot.deploy.ExecutorData;toString();[];[[178, 169], [177, 169]];[];[[178, 169], [177, 169]]
Singularity;ec69915f065bf3b7b86c9f13d0c3ee313ad7163d;com.hubspot.singularity.s3uploader.SingularityS3Uploader;uploadSingle(int, Path);[206];[];[206];[]
Singularity;ec69915f065bf3b7b86c9f13d0c3ee313ad7163d;com.hubspot.singularity.s3uploader.SingularityS3Uploader;call();[256, 273, 289, 242, 292, 276, 245, 261, 294, 282, 286];[[256, 247]];[256, 273, 289, 242, 292, 276, 245, 261, 294, 282, 286];[[256, 247]]
Singularity;ec69915f065bf3b7b86c9f13d0c3ee313ad7163d;com.hubspot.singularity.s3uploader.SingularityS3Uploader;uploadBatch(List<Path>);[179, 181];[[192, 182]];[179, 181];[[192, 182]]
Singularity;ec69915f065bf3b7b86c9f13d0c3ee313ad7163d;com.hubspot.singularity.s3uploader.SingularityS3Uploader;multipartUpload(S3Object);[352, 378, 379, 380, 365, 381, 382, 351];[];[352, 378, 379, 380, 365, 381, 382, 351];[]
Singularity;ec69915f065bf3b7b86c9f13d0c3ee313ad7163d;com.hubspot.singularity.s3uploader.SingularityS3Uploader;SingularityS3Uploader(AWSCredentials, S3UploadMetadata, FileSystem, SingularityS3UploaderMetrics, Path, SingularityS3UploaderConfiguration, String, SingularityRunnerExceptionNotifier);[81, 100, 84, 87];[[87, 88], [86, 88], [85, 88], [83, 87]];[81, 100, 84, 87];[[87, 88], [86, 88], [85, 88], [83, 87]]
Singularity;ec69915f065bf3b7b86c9f13d0c3ee313ad7163d;com.hubspot.singularity.executor.task.SingularityExecutorTaskProcessBuilder;call();[80];[];[80];[]
Singularity;ec69915f065bf3b7b86c9f13d0c3ee313ad7163d;com.hubspot.singularity.executor.task.SingularityExecutorTaskProcessBuilder;buildProcessBuilder(TaskInfo, ExecutorData);[118, 119];[];[118, 119];[]
Singularity;ec69915f065bf3b7b86c9f13d0c3ee313ad7163d;com.hubspot.singularity.executor.task.SingularityExecutorTaskProcessBuilder;serviceLogOutPath();[157];[];[157];[]
Singularity;ec69915f065bf3b7b86c9f13d0c3ee313ad7163d;com.hubspot.singularity.executor.task.SingularityExecutorTaskProcessBuilder;getCommand(ExecutorData);[98];[];[98];[]
Singularity;ec69915f065bf3b7b86c9f13d0c3ee313ad7163d;com.hubspot.singularity.s3.base.S3ArtifactDownloader;getCredentialsForBucket(String);[64];[];[64];[]
Singularity;ec69915f065bf3b7b86c9f13d0c3ee313ad7163d;com.hubspot.singularity.s3.base.S3ArtifactDownloader;downloadThrows(S3Artifact, Path);[83, 100, 70, 71, 72, 79];[];[83, 100, 70, 71, 72, 79];[]
Singularity;ec69915f065bf3b7b86c9f13d0c3ee313ad7163d;com.hubspot.singularity.SingularityS3FormatHelper;getS3KeyPrefixes(String, SingularityTaskId, Optional<String>, long, long);[144, 212, 142];[];[144, 212, 142];[]
Singularity;ec69915f065bf3b7b86c9f13d0c3ee313ad7163d;com.hubspot.singularity.SingularityS3FormatHelper;getS3KeyFormat(String, String);[24];[];[24];[]
Singularity;ec69915f065bf3b7b86c9f13d0c3ee313ad7163d;com.hubspot.singularity.SingularityS3FormatHelper;getS3KeyFormat(String, String, String, Optional<String>);[23, 39, 24, 41, 42, 30];[[30, 30], [29, 30], [28, 30]];[23, 39, 24, 41, 42, 30];[[30, 30], [29, 30], [28, 30]]
Singularity;ec69915f065bf3b7b86c9f13d0c3ee313ad7163d;com.hubspot.singularity.SingularityS3FormatHelper;getS3KeyPrefixes(String, String, String, Optional<String>, long, long);[144, 146, 212, 214, 124, 142];[];[144, 146, 212, 214, 124, 142];[]
Singularity;ec69915f065bf3b7b86c9f13d0c3ee313ad7163d;com.hubspot.singularity.SingularityS3FormatHelper;getS3KeyFormat(String, SingularityTaskId, Optional<String>);[39, 40, 41, 42];[];[39, 40, 41, 42];[]
Singularity;ec69915f065bf3b7b86c9f13d0c3ee313ad7163d;com.hubspot.singularity.SingularityS3FormatHelper;getS3KeyPrefixes(String, String, long, long);[144, 145, 146, 142, 143];[];[144, 145, 146, 142, 143];[]
Singularity;ec69915f065bf3b7b86c9f13d0c3ee313ad7163d;com.hubspot.singularity.executor.task.SingularityExecutorTaskLogManager;getS3KeyPattern(String);[230];[];[230];[]
Singularity;ec69915f065bf3b7b86c9f13d0c3ee313ad7163d;com.hubspot.singularity.executor.task.SingularityExecutorTaskLogManager;writeS3MetadataFile(String, Path, String, Optional<String>, Optional<String>, boolean, Optional<String>, Optional<Long>);[247, 251, 254, 255];[];[247, 251, 254];[]
Singularity;ec69915f065bf3b7b86c9f13d0c3ee313ad7163d;com.hubspot.singularity.executor.task.SingularityExecutorTaskLogManager;copyLogTail();[133, 149];[];[133, 149];[]
Singularity;ec69915f065bf3b7b86c9f13d0c3ee313ad7163d;com.hubspot.singularity.executor.task.SingularityExecutorTaskLogManager;writeS3MetadataFileForRotatedFiles(boolean);[80, 65, 81, 67, 72, 73, 74, 75, 76, 77, 78, 79];[];[80, 65, 81, 67, 72, 73, 74, 75, 76, 77, 78, 79];[]
Singularity;ec69915f065bf3b7b86c9f13d0c3ee313ad7163d;com.hubspot.singularity.executor.task.SingularityExecutorTaskLogManager;teardown();[112];[];[112];[]
Singularity;1461ee8f33b7fd881dd49c64eb492c8fbc93a068;com.hubspot.singularity.mesos.SingularityMesosTaskBuilder;prepareCustomExecutor(TaskInfo.Builder, SingularityTaskId, SingularityTaskRequest, Protos.Offer, Optional<long[]>, Resources);[352];[];[352, 353];[]
Singularity;361c112169da68e124eb52ff2f74ede21151121d;com.hubspot.singularity.data.history.SingularityHistoryPurger;runActionOnPoll();[70];[];[69, 72, 58, 59, 61, 62];[[55, 56], [63, 60]]
quickml;5a49e9d633e1f91a17b4c893f937ad66e452a4c7;quickml.supervised.classifier.downsamplingPredictiveModel.DownsamplingPredictiveModelBuilderTest;simpleTest();[54, 39, 41];[];[54, 39];[]
quickml;5a49e9d633e1f91a17b4c893f937ad66e452a4c7;quickml.supervised.classifier.downsamplingPredictiveModel.RandomDroppingInstanceFilter;apply(Instance);[25];[];[25];[]
quickml;1bb20ae483ff392bd68c4b9592b7a96440d8f805;quickdt.Benchmarks;loadMoboDataset();[107];[];[107];[]
quickml;9a0ac201b35618c31c561bc57a62c4f77fa9ca01;quickdt.predictiveModels.decisionTree.tree.ClassificationCounter;countAllByAttributeValues(Iterable<?extendsAbstractInstance>, String, String, Serializable);[52, 53, 54];[];[35, 39, 41];[]
quickml;8cf1936883c8dab2e45d732947d4f983744f52b7;quickdt.predictiveModels.temporallyWeightPredictiveModel.TemporallyReweightedPMBuilderBuilder;createDefaultParametersToOptimize();[];[];[27, 28];[]
quickml;bae968d9a85c0501ba8842a6f88e7fc2c6b78693;quickdt.experiments.OutOfTimeCrossValidatorRunner;getRandomForestBuilder(int, int);[];[];[42, 43];[[51, 43]]
resty-gwt;867b917c43c32acbdcac55767e7f04334006c866;org.fusesource.restygwt.rebind.DirectRestServiceInterfaceClassCreator;getMethodCallback(JMethod);[83, 84, 85];[];[83, 84, 85, 90, 91, 92];[]
elasticsearch-sql;eb6bc06b45477676c6064350c0076e1c0d8df4a1;org.nlpcn.es4sql.query.maker.Maker;make(Condition, String, Object);[256, 193, 258, 199, 137, 206, 145, 210, 146, 247, 218, 254, 127];[[207, 174], [284, 225], [179, 155], [272, 216], [175, 153], [163, 147], [337, 259], [228, 183], [220, 178], [325, 251], [321, 249], [313, 242], [212, 174], [309, 241], [208, 174], [293, 229], [200, 169], [188, 159], [285, 225], [281, 224], [176, 153], [253, 202], [168, 150], [245, 196], [237, 190], [338, 259], [144, 129], [229, 183], [140, 127], [326, 251], [217, 177], [314, 242], [213, 174], [209, 174], [294, 229], [189, 159], [286, 225], [181, 156], [262, 209], [173, 152], [254, 202], [169, 150], [246, 196], [238, 190], [339, 259], [141, 127], [226, 183], [323, 251], [311, 242], [210, 174], [295, 229], [206, 174], [291, 228], [186, 158], [182, 156], [283, 225], [271, 216], [263, 209], [166, 149], [142, 127], [154, 139], [336, 258], [227, 183], [324, 251], [219, 178], [312, 242], [211, 174], [296, 229]];[256, 193, 258, 199, 137, 206, 145, 146, 210, 247, 218, 254, 127];[[159, 143]]
elasticsearch-sql;eb6bc06b45477676c6064350c0076e1c0d8df4a1;org.nlpcn.es4sql.SqlParserTests;likeTestWithEscaped();[784, 786];[];[784, 786];[]
elasticsearch-sql;e56a98377a5a68e4e5c63174142c8ba7c01757d9;org.nlpcn.es4sql.query.maker.AggMaker;makeFieldAgg(MethodField, AbstractAggregationBuilder);[98, 83, 101, 86, 89, 92, 95];[];[];[]
oltpbench;d44ca95a832aeff9fc344c0fc1d416dcdd52bfd2;com.oltpbenchmark.DBWorkload;main(String[]);[455, 202, 395, 396, 141, 397, 398, 399, 400, 464, 465, 401, 466, 402, 403, 404, 405, 406, 407, 408, 409, 410, 347, 220, 477, 478, 224, 416, 353, 426, 362, 427, 363, 430, 432, 435, 441];[[323, 482], [321, 482], [352, 482], [319, 482], [350, 482], [317, 482], [348, 482], [313, 479], [311, 478], [346, 482], [344, 482], [342, 482], [340, 482], [338, 482], [336, 482], [334, 482], [332, 482], [330, 482], [328, 482], [326, 482], [197, 193], [324, 482], [322, 482], [320, 482], [351, 482], [318, 482], [349, 482], [316, 482], [312, 479], [347, 482], [310, 478], [345, 482], [343, 482], [341, 482], [339, 482], [337, 482], [335, 482], [333, 482], [331, 482], [329, 482], [327, 482], [198, 193], [196, 193], [325, 482]];[];[]
oltpbench;fc81095071ce840208ca5185788607afd6e6b1c5;com.oltpbenchmark.benchmarks.tatp.procedures.GetSubscriberData;run(Connection, long);[55];[];[55];[]
oltpbench;fc81095071ce840208ca5185788607afd6e6b1c5;com.oltpbenchmark.benchmarks.auctionmark.util.ItemId;COMPOSITE_BITS;[41];[];[41];[]
oltpbench;fc81095071ce840208ca5185788607afd6e6b1c5;com.oltpbenchmark.benchmarks.seats.procedures.FindFlights;run(Connection, long, long, Timestamp, Timestamp, long);[190];[];[190];[]
oltpbench;fc81095071ce840208ca5185788607afd6e6b1c5;com.oltpbenchmark.benchmarks.twitter.procedures.GetTweetsFromFollowing;run(Connection, int);[64, 65, 66, 62, 63];[[67, 63]];[64, 65, 66, 62, 63];[[67, 63]]
oltpbench;fc81095071ce840208ca5185788607afd6e6b1c5;com.oltpbenchmark.benchmarks.twitter.procedures.GetUserTweets;run(Connection, long);[22];[];[22];[]
oltpbench;fc81095071ce840208ca5185788607afd6e6b1c5;com.oltpbenchmark.api.AbstractTestBenchmarkModule;testGetDatabaseDDL();[39, 41];[];[39, 41];[]
oltpbench;fc81095071ce840208ca5185788607afd6e6b1c5;com.oltpbenchmark.ThreadBench;TimeBucketIterable(Iterable<Sample>, int);[81];[];[81];[]
oltpbench;fc81095071ce840208ca5185788607afd6e6b1c5;com.oltpbenchmark.ThreadBench;TimeBucketIterator(Iterator<LatencyRecord.Sample>, int);[109];[];[109];[]
oltpbench;fc81095071ce840208ca5185788607afd6e6b1c5;com.oltpbenchmark.ThreadBench;calculateNext();[134];[];[134];[]
oltpbench;fc81095071ce840208ca5185788607afd6e6b1c5;com.oltpbenchmark.ThreadBench;iterator();[86];[];[86];[]
oltpbench;fc81095071ce840208ca5185788607afd6e6b1c5;com.oltpbenchmark.benchmarks.tpcc.TPCCConstants;TABLENAME_CUSTOMER;[8];[];[8];[]
oltpbench;fc81095071ce840208ca5185788607afd6e6b1c5;com.oltpbenchmark.benchmarks.tpcc.TPCCConstants;TABLENAME_NEWORDER;[12];[];[12];[]
oltpbench;fc81095071ce840208ca5185788607afd6e6b1c5;com.oltpbenchmark.benchmarks.tpcc.TPCCConstants;TABLENAME_DISTRICT;[4];[];[4];[]
oltpbench;fc81095071ce840208ca5185788607afd6e6b1c5;com.oltpbenchmark.benchmarks.tpcc.TPCCConstants;TABLENAME_ITEM;[6];[];[6];[]
oltpbench;fc81095071ce840208ca5185788607afd6e6b1c5;com.oltpbenchmark.benchmarks.tpcc.TPCCConstants;TABLENAME_STOCK;[7];[];[7];[]
oltpbench;fc81095071ce840208ca5185788607afd6e6b1c5;com.oltpbenchmark.benchmarks.tpcc.TPCCConstants;TABLENAME_HISTORY;[9];[];[9];[]
oltpbench;fc81095071ce840208ca5185788607afd6e6b1c5;com.oltpbenchmark.benchmarks.tpcc.TPCCConstants;TABLENAME_ORDERLINE;[11];[];[11];[]
oltpbench;fc81095071ce840208ca5185788607afd6e6b1c5;com.oltpbenchmark.benchmarks.tpcc.TPCCConstants;TABLENAME_WAREHOUSE;[5];[];[5];[]
oltpbench;fc81095071ce840208ca5185788607afd6e6b1c5;com.oltpbenchmark.benchmarks.tpcc.TPCCConstants;TABLENAME_OPENORDER;[10];[];[10];[]
oltpbench;fc81095071ce840208ca5185788607afd6e6b1c5;com.oltpbenchmark.benchmarks.auctionmark.util.UserId;COMPOSITE_BITS;[35];[];[35];[]
oltpbench;fc81095071ce840208ca5185788607afd6e6b1c5;com.oltpbenchmark.benchmarks.twitter.procedures.GetFollowers;run(Connection, long);[42, 43, 44];[[45, 43]];[42, 43, 44];[[45, 43]]
oltpbench;fc81095071ce840208ca5185788607afd6e6b1c5;com.oltpbenchmark.benchmarks.wikipedia.WikipediaLoader;loadWatchlist();[309, 310, 311, 312];[];[309, 310, 311, 312];[]
oltpbench;fc81095071ce840208ca5185788607afd6e6b1c5;com.oltpbenchmark.benchmarks.wikipedia.WikipediaLoader;loadUsers();[152, 153, 154, 155, 172];[];[152, 153, 154, 155, 172];[]
oltpbench;fc81095071ce840208ca5185788607afd6e6b1c5;com.oltpbenchmark.benchmarks.wikipedia.WikipediaLoader;loadRevision();[387, 388, 389, 390, 519, 487, 426, 430, 378, 379, 380, 445, 381, 447];[];[387, 388, 389, 390, 519, 487, 426, 430, 378, 379, 380, 445, 381, 447];[]
oltpbench;fc81095071ce840208ca5185788607afd6e6b1c5;com.oltpbenchmark.benchmarks.wikipedia.WikipediaLoader;loadPages();[236, 252, 237, 253, 254, 238, 239, 255];[];[236, 252, 237, 253, 254, 238, 239, 255];[]
oltpbench;fc81095071ce840208ca5185788607afd6e6b1c5;com.oltpbenchmark.benchmarks.tatp.procedures.GetAccessData;run(Connection, long, byte);[57];[];[57];[]
oltpbench;fc81095071ce840208ca5185788607afd6e6b1c5;com.oltpbenchmark.util.ScriptRunner;runScript(File);[95];[];[95];[]
oltpbench;fc81095071ce840208ca5185788607afd6e6b1c5;com.oltpbenchmark.benchmarks.tpcc.procedures.Delivery;delivGetCustIdSQL;[23, 24, 25];[];[23, 24, 25];[]
oltpbench;fc81095071ce840208ca5185788607afd6e6b1c5;com.oltpbenchmark.benchmarks.tpcc.procedures.Delivery;deliveryTransaction(int, int, Connection, TPCCWorker);[130, 167, 92];[];[130, 167, 92];[]
oltpbench;fc81095071ce840208ca5185788607afd6e6b1c5;com.oltpbenchmark.benchmarks.tpcc.procedures.Delivery;delivDeleteNewOrderSQL;[21, 22];[];[21, 22];[]
oltpbench;fc81095071ce840208ca5185788607afd6e6b1c5;com.oltpbenchmark.benchmarks.tpcc.procedures.Delivery;delivGetOrderIdSQL;[18, 19];[];[18, 19];[]
oltpbench;fc81095071ce840208ca5185788607afd6e6b1c5;com.oltpbenchmark.benchmarks.tpcc.procedures.Delivery;delivSumOrderAmountSQL;[33, 34, 35];[];[33, 34, 35];[]
oltpbench;fc81095071ce840208ca5185788607afd6e6b1c5;com.oltpbenchmark.benchmarks.tpcc.procedures.Delivery;delivUpdateCustBalDelivCntSQL;[36, 37, 38, 39, 40];[];[36, 37, 38, 39, 40];[]
oltpbench;fc81095071ce840208ca5185788607afd6e6b1c5;com.oltpbenchmark.benchmarks.tpcc.procedures.Delivery;delivUpdateDeliveryDateSQL;[32, 29, 30, 31];[];[32, 29, 30, 31];[]
oltpbench;fc81095071ce840208ca5185788607afd6e6b1c5;com.oltpbenchmark.benchmarks.tpcc.procedures.Delivery;delivUpdateCarrierIdSQL;[26, 27, 28];[];[26, 27, 28];[]
oltpbench;fc81095071ce840208ca5185788607afd6e6b1c5;com.oltpbenchmark.benchmarks.tpcc.procedures.NewOrder;stmtInsertOOrderSQL;[38];[];[38];[]
oltpbench;fc81095071ce840208ca5185788607afd6e6b1c5;com.oltpbenchmark.benchmarks.tpcc.procedures.NewOrder;stmtUpdateStockSQL;[48, 47];[];[48, 47];[]
oltpbench;fc81095071ce840208ca5185788607afd6e6b1c5;com.oltpbenchmark.benchmarks.tpcc.procedures.NewOrder;stmtInsertOrderLineSQL;[50, 51];[];[50, 51];[]
oltpbench;fc81095071ce840208ca5185788607afd6e6b1c5;com.oltpbenchmark.benchmarks.tpcc.procedures.NewOrder;stmtGetDistSQL;[29, 30];[];[29, 30];[]
oltpbench;fc81095071ce840208ca5185788607afd6e6b1c5;com.oltpbenchmark.benchmarks.tpcc.procedures.NewOrder;stmtGetItemSQL;[41];[];[41];[]
oltpbench;fc81095071ce840208ca5185788607afd6e6b1c5;com.oltpbenchmark.benchmarks.tpcc.procedures.NewOrder;stmtGetStockSQL;[43, 44, 45];[];[43, 44, 45];[]
oltpbench;fc81095071ce840208ca5185788607afd6e6b1c5;com.oltpbenchmark.benchmarks.tpcc.procedures.NewOrder;newOrderTransaction(int, int, int, int, int, int[], int[], int[], Connection, TPCCWorker);[228, 229, 165, 166, 230, 231, 232, 233, 234, 235, 236, 237, 238, 239, 212, 213, 214, 150, 151, 152, 153];[];[228, 229, 165, 166, 230, 231, 232, 233, 234, 235, 236, 237, 238, 239, 212, 213, 214, 150, 151, 152, 153];[]
oltpbench;fc81095071ce840208ca5185788607afd6e6b1c5;com.oltpbenchmark.benchmarks.tpcc.procedures.NewOrder;stmtGetCustWhseSQL;[23, 25, 26];[];[23, 25, 26];[]
oltpbench;fc81095071ce840208ca5185788607afd6e6b1c5;com.oltpbenchmark.benchmarks.tpcc.procedures.NewOrder;stmtUpdateDistSQL;[35];[];[35];[]
oltpbench;fc81095071ce840208ca5185788607afd6e6b1c5;com.oltpbenchmark.benchmarks.tpcc.procedures.NewOrder;stmtInsertNewOrderSQL;[33];[];[33];[]
oltpbench;fc81095071ce840208ca5185788607afd6e6b1c5;com.oltpbenchmark.benchmarks.wikipedia.procedures.AddWatchList;run(Connection, int, int, String);[66, 83];[];[66, 83];[]
oltpbench;fc81095071ce840208ca5185788607afd6e6b1c5;com.oltpbenchmark.benchmarks.twitter.procedures.GetTweet;run(Connection, long);[21];[];[21];[]
oltpbench;fc81095071ce840208ca5185788607afd6e6b1c5;com.oltpbenchmark.benchmarks.tpcc.procedures.StockLevel;stockGetDistOrderIdSQL;[20];[];[20];[]
oltpbench;fc81095071ce840208ca5185788607afd6e6b1c5;com.oltpbenchmark.benchmarks.tpcc.procedures.StockLevel;stockGetCountStockSQL;[22, 24, 25, 26, 27, 28, 29];[];[22, 24, 25, 26, 27, 28, 29];[]
oltpbench;fc81095071ce840208ca5185788607afd6e6b1c5;com.oltpbenchmark.benchmarks.tpcc.procedures.StockLevel;stockLevelTransaction(int, int, int, Connection, TPCCWorker);[89, 74];[];[89, 74];[]
oltpbench;fc81095071ce840208ca5185788607afd6e6b1c5;com.oltpbenchmark.benchmarks.voter.VoterLoader;load();[66, 69, 70, 75];[];[66, 69, 70, 75];[]
oltpbench;fc81095071ce840208ca5185788607afd6e6b1c5;com.oltpbenchmark.LatencyRecord;next();[160, 144, 145, 148, 149, 150, 157, 158];[[154, 150], [153, 150], [152, 150]];[160, 144, 145, 148, 149, 150, 157, 158];[[154, 150], [153, 150], [152, 150]]
oltpbench;fc81095071ce840208ca5185788607afd6e6b1c5;com.oltpbenchmark.LatencyRecord;allocateChunk();[75, 76];[];[75, 76];[]
oltpbench;fc81095071ce840208ca5185788607afd6e6b1c5;com.oltpbenchmark.LatencyRecord;addLatency(int, long, long, int, int);[66, 67, 68, 70, 56, 59, 61, 62];[];[66, 67, 68, 70, 56, 59, 61, 62];[]
oltpbench;fc81095071ce840208ca5185788607afd6e6b1c5;com.oltpbenchmark.LatencyRecord;values;[36];[];[36];[]
oltpbench;fc81095071ce840208ca5185788607afd6e6b1c5;com.oltpbenchmark.LatencyRecord;size();[83];[[90, 86]];[83];[[90, 86]]
oltpbench;fc81095071ce840208ca5185788607afd6e6b1c5;com.oltpbenchmark.benchmarks.auctionmark.AuctionMarkWorker;executeNewPurchase(NewPurchase);[829];[];[829];[]
oltpbench;fc81095071ce840208ca5185788607afd6e6b1c5;com.oltpbenchmark.catalog.TestCatalog;testInit();[55];[];[55];[]
oltpbench;fc81095071ce840208ca5185788607afd6e6b1c5;com.oltpbenchmark.benchmarks.tatp.procedures.GetNewDestination;run(Connection, long, byte, byte, byte);[67];[];[67];[]
oltpbench;fc81095071ce840208ca5185788607afd6e6b1c5;com.oltpbenchmark.benchmarks.twitter.TwitterWorker;doSelect1Tweet(int);[];[[80, 80]];[];[[80, 80]]
oltpbench;fc81095071ce840208ca5185788607afd6e6b1c5;com.oltpbenchmark.benchmarks.twitter.TwitterWorker;doSelectTweetsForUid(int);[];[[98, 98]];[];[[98, 98]]
oltpbench;fc81095071ce840208ca5185788607afd6e6b1c5;com.oltpbenchmark.benchmarks.tpcc.procedures.Payment;customerByNameSQL;[42, 43, 44, 45];[];[42, 43, 44, 45];[]
oltpbench;fc81095071ce840208ca5185788607afd6e6b1c5;com.oltpbenchmark.benchmarks.tpcc.procedures.Payment;getCustomerByName(int, int, String);[382];[];[382];[]
oltpbench;fc81095071ce840208ca5185788607afd6e6b1c5;com.oltpbenchmark.benchmarks.tpcc.procedures.Payment;payGetCustCdataSQL;[34];[];[34];[]
oltpbench;fc81095071ce840208ca5185788607afd6e6b1c5;com.oltpbenchmark.benchmarks.tpcc.procedures.Payment;payUpdateCustBalSQL;[38, 39];[];[38, 39];[]
oltpbench;fc81095071ce840208ca5185788607afd6e6b1c5;com.oltpbenchmark.benchmarks.tpcc.procedures.Payment;getCustomerById(int, int, int, Connection);[365];[];[365];[]
oltpbench;fc81095071ce840208ca5185788607afd6e6b1c5;com.oltpbenchmark.benchmarks.tpcc.procedures.Payment;payGetCustSQL;[32, 33, 30, 31];[];[32, 33, 30, 31];[]
oltpbench;fc81095071ce840208ca5185788607afd6e6b1c5;com.oltpbenchmark.benchmarks.tpcc.procedures.Payment;payUpdateDistSQL;[27];[];[27];[]
oltpbench;fc81095071ce840208ca5185788607afd6e6b1c5;com.oltpbenchmark.benchmarks.tpcc.procedures.Payment;payInsertHistSQL;[40];[];[40];[]
oltpbench;fc81095071ce840208ca5185788607afd6e6b1c5;com.oltpbenchmark.benchmarks.tpcc.procedures.Payment;payUpdateWhseSQL;[24];[];[24];[]
oltpbench;fc81095071ce840208ca5185788607afd6e6b1c5;com.oltpbenchmark.benchmarks.tpcc.procedures.Payment;payGetDistSQL;[28, 29];[];[28, 29];[]
oltpbench;fc81095071ce840208ca5185788607afd6e6b1c5;com.oltpbenchmark.benchmarks.tpcc.procedures.Payment;payUpdateCustBalCdataSQL;[35, 36, 37];[];[35, 36, 37];[]
oltpbench;fc81095071ce840208ca5185788607afd6e6b1c5;com.oltpbenchmark.benchmarks.tpcc.procedures.Payment;paymentTransaction(int, int, float, int, int, int, String, boolean, Connection, TPCCWorker);[174, 206, 175, 176, 177, 178, 179, 149, 150, 151, 152, 153, 154];[];[174, 206, 175, 176, 177, 178, 179, 149, 150, 151, 152, 153, 154];[]
oltpbench;fc81095071ce840208ca5185788607afd6e6b1c5;com.oltpbenchmark.benchmarks.tpcc.procedures.Payment;payGetWhseSQL;[25, 26];[];[25, 26];[]
oltpbench;fc81095071ce840208ca5185788607afd6e6b1c5;com.oltpbenchmark.catalog.Catalog;getOriginalTableNames();[293, 294, 297, 298, 299];[[293, 294]];[293, 294, 297, 298, 299];[[293, 294]]
oltpbench;fc81095071ce840208ca5185788607afd6e6b1c5;com.oltpbenchmark.DBWorkload;main(String[]);[128, 129, 130, 131, 136, 138, 139, 159, 160, 161, 162, 163, 164, 165, 166, 167, 436, 181, 440, 449, 453, 457, 463, 464, 465, 466, 339, 467, 468, 469, 470, 471, 343, 472, 352, 353, 482, 483, 484, 485, 486, 487, 488, 489, 490, 491, 492, 493, 494, 495, 496, 497, 498, 499, 500, 501, 502, 127];[[285, 314]];[128, 129, 130, 131, 136, 138, 139, 159, 160, 161, 162, 163, 164, 165, 166, 167, 436, 181, 440, 449, 453, 457, 463, 464, 465, 466, 339, 467, 468, 469, 470, 471, 343, 472, 352, 353, 482, 483, 484, 485, 486, 487, 488, 489, 490, 491, 492, 493, 494, 495, 496, 497, 498, 499, 500, 501, 502, 127];[[285, 314]]
oltpbench;fc81095071ce840208ca5185788607afd6e6b1c5;com.oltpbenchmark.benchmarks.auctionmark.AuctionMarkProfile;loadProfile(AuctionMarkWorker);[408, 409, 410];[[381, 381]];[408, 409, 410];[[381, 381]]
oltpbench;fc81095071ce840208ca5185788607afd6e6b1c5;com.oltpbenchmark.benchmarks.auctionmark.util.AuctionMarkUtil;ITEM_ID_MASK;[67];[];[67];[]
oltpbench;fc81095071ce840208ca5185788607afd6e6b1c5;com.oltpbenchmark.benchmarks.auctionmark.util.AuctionMarkUtil;getUniqueElementId(long, int);[77];[];[77];[]
oltpbench;fc81095071ce840208ca5185788607afd6e6b1c5;com.oltpbenchmark.api.MockBenchmark;getDatabaseDDL(DatabaseType);[39];[];[39];[]
oltpbench;fc81095071ce840208ca5185788607afd6e6b1c5;com.oltpbenchmark.Results;writeCSV(int, PrintStream);[90];[[98, 91], [97, 91]];[90];[[98, 91], [97, 91]]
oltpbench;fc81095071ce840208ca5185788607afd6e6b1c5;com.oltpbenchmark.benchmarks.tpcc.procedures.OrderStatus;getCustomerByName(int, int, String);[230];[];[230];[]
oltpbench;fc81095071ce840208ca5185788607afd6e6b1c5;com.oltpbenchmark.benchmarks.tpcc.procedures.OrderStatus;customerByNameSQL;[39, 40, 41, 42];[];[39, 40, 41, 42];[]
oltpbench;fc81095071ce840208ca5185788607afd6e6b1c5;com.oltpbenchmark.benchmarks.tpcc.procedures.OrderStatus;ordStatGetOrderLinesSQL;[32, 27, 28, 30, 31];[];[32, 27, 28, 30, 31];[]
oltpbench;fc81095071ce840208ca5185788607afd6e6b1c5;com.oltpbenchmark.benchmarks.tpcc.procedures.OrderStatus;ordStatGetNewestOrdSQL;[23, 24, 25];[];[23, 24, 25];[]
oltpbench;fc81095071ce840208ca5185788607afd6e6b1c5;com.oltpbenchmark.benchmarks.tpcc.procedures.OrderStatus;payGetCustSQL;[34, 35, 36, 37];[];[34, 35, 36, 37];[]
oltpbench;fc81095071ce840208ca5185788607afd6e6b1c5;com.oltpbenchmark.benchmarks.tpcc.procedures.OrderStatus;getCustomerById(int, int, int, Connection);[96];[];[96];[]
oltpbench;fc81095071ce840208ca5185788607afd6e6b1c5;com.oltpbenchmark.benchmarks.tpcc.procedures.OrderStatus;orderStatusTransaction(int, int, int, String, boolean, Connection, TPCCWorker);[128, 129, 132, 133, 149, 134, 151, 153, 156, 158, 159];[];[128, 129, 132, 133, 149, 134, 151, 153, 156, 158, 159];[]
oltpbench;fc81095071ce840208ca5185788607afd6e6b1c5;com.oltpbenchmark.api.BenchmarkModule;runScript(String);[255];[];[255];[]
oltpbench;fc81095071ce840208ca5185788607afd6e6b1c5;com.oltpbenchmark.api.BenchmarkModule;clearDatabase();[305, 306, 307, 308, 310];[[313, 309], [312, 309], [311, 309]];[305, 306, 307, 308, 310];[[313, 309], [312, 309], [311, 309]]
oltpbench;fc81095071ce840208ca5185788607afd6e6b1c5;com.oltpbenchmark.api.BenchmarkModule;createDatabase(DatabaseType, Connection);[237];[[241, 240], [239, 239]];[237];[[241, 240], [239, 239]]
oltpbench;fc81095071ce840208ca5185788607afd6e6b1c5;com.oltpbenchmark.api.BenchmarkModule;getDatabaseDDL(DatabaseType);[190];[];[190];[]
oltpbench;90addbe818f625d48d029d2bb251073a167648f0;com.oltpbenchmark.catalog.Catalog;getOriginalTableNames();[];[];[293, 294, 297, 298, 299];[]
oltpbench;90addbe818f625d48d029d2bb251073a167648f0;com.oltpbenchmark.api.BenchmarkModule;getDatabaseDDL(DatabaseType);[];[];[190];[]
oltpbench;865443d294ae76d8ea2002cbd27d11aa37291ea9;com.oltpbenchmark.catalog.Catalog;getOriginalTableNames();[];[];[293, 294, 297, 298, 299];[]
oltpbench;865443d294ae76d8ea2002cbd27d11aa37291ea9;com.oltpbenchmark.api.BenchmarkModule;getDatabaseDDL(DatabaseType);[];[];[190];[]
mvvmFX;8119fd2454fa0804a985421f8b9f4a97f5ccc4ab;de.saxsys.mvvmfx.contacts.App;start(Stage);[65, 67];[];[67];[]
cloud-slang;7169bb29f3e601bb1fbdc7d82f9ee7bfae44aaef;io.cloudslang.lang.compiler.validator.PreCompileValidatorImpl;validateNoDuplicateInOutParams(List<?extendsInOutParam>, InOutParam);[];[];[216, 220, 221];[]
cloud-slang;7169bb29f3e601bb1fbdc7d82f9ee7bfae44aaef;io.cloudslang.lang.runtime.steps.ExecutableStepsTest;testStartWithInput();[101];[];[99];[]
cloud-slang;4e369761f727a25bcc1381a5ffa529b92d3f0831;io.cloudslang.lang.cli.utils.CompilerHelperImpl;loadSystemProperties(List<String>);[94];[];[94];[]
cloud-slang;c716a9231fbf48779f927ac77906f81a90a34352;io.cloudslang.lang.systemtests.LoopFlowsTest;testFlowWithMapLoopsWithBreak();[191];[];[193, 194, 195];[]
cloud-slang;c716a9231fbf48779f927ac77906f81a90a34352;io.cloudslang.lang.systemtests.LoopFlowsTest;testFlowWithMapLoopsWithDefaultBreak();[162];[];[164];[]
cloud-slang;c716a9231fbf48779f927ac77906f81a90a34352;io.cloudslang.lang.systemtests.LoopFlowsTest;testFlowWithMapLoopsWithCustomNavigation();[148];[];[149, 150];[]
jackson-databind;57f8cda4ce1d4dbe2d5256a7bf0aa83dfa410acc;com.fasterxml.jackson.databind.ser.std.ReferenceTypeSerializer;_findSerializer(SerializerProvider, JavaType, BeanProperty);[473];[];[473];[]
jackson-databind;57f8cda4ce1d4dbe2d5256a7bf0aa83dfa410acc;com.fasterxml.jackson.databind.ser.std.ReferenceTypeSerializer;_findSerializer(SerializerProvider, Class<?>, BeanProperty);[464];[];[464];[]
jackson-databind;cc478a2b587b91cf7563847540472e57a2c9a7b2;com.fasterxml.jackson.databind.deser.BasicDeserializerFactory;constructCreatorProperty(DeserializationContext, BeanDescription, PropertyName, int, AnnotatedParameter, Object);[869, 854, 870, 855, 871, 872];[[854, 854], [871, 857], [870, 857], [869, 857], [868, 857], [867, 857], [866, 857], [865, 857], [864, 857], [863, 857], [862, 857], [859, 855]];[];[[859, 855]]
jackson-databind;cc478a2b587b91cf7563847540472e57a2c9a7b2;com.fasterxml.jackson.databind.deser.BasicDeserializerFactory;static block;[64, 80, 65, 59, 60, 76, 77, 61, 78, 63, 79];[];[64, 80, 65, 59, 60, 76, 77, 61, 78, 63, 79];[]
jackson-databind;07569c70cd950823a1af67e545507f34828c8b99;com.fasterxml.jackson.databind.deser.BuilderBasedDeserializer;deserializeWithExternalTypeId(JsonParser, DeserializationContext, Object);[672, 673, 674, 666, 668];[];[672, 673, 674, 666, 668];[]
Handy-URI-Templates;6553ba922d3cac5e736cf4fe7345af691334626b;com.damnhandy.uri.template.UriTemplate;joinParts(Expression, List<String>);[1024, 997, 1015, 1002, 1005];[];[1024, 997, 1015, 1002, 1005];[]
Handy-URI-Templates;6553ba922d3cac5e736cf4fe7345af691334626b;com.damnhandy.uri.template.TestExpandPartial;shouldUseSeperatorIfOnlySecondVariableForExpressionIsProvided();[101];[];[101];[]
editorconfig-netbeans;53d7a09368b0bfb39534f31bf67dbc9986da85d5;com.welovecoding.netbeans.plugin.editorconfig.listener.EditorConfigProcessor;applyEditorConfigRules(DataObject);[];[[111, 113]];[96, 87, 119, 120, 121];[[94, 97], [80, 87]]
LittleProxy;623e614dd71401617311009785ed644907432e4d;org.littleshoot.proxy.HttpFilterTest;testFiltering();[101, 344, 345, 346, 347, 348, 236, 349, 350];[];[271, 272, 273, 145, 274, 275, 276, 277, 150, 278, 279, 280, 173, 305, 178, 306, 307, 308, 309, 310, 311, 312, 313, 314, 197, 328, 329, 330, 331, 203, 332, 333, 78, 334, 335, 336, 80, 337, 82, 84, 212, 86, 88, 90, 218, 92, 94, 223, 96, 98, 229, 234, 251];[[220, 251], [219, 251], [238, 251], [237, 251], [236, 251], [235, 251], [234, 251], [233, 251], [232, 251], [231, 251], [230, 251], [229, 251], [228, 251], [227, 251], [226, 251], [225, 251], [224, 251], [223, 251], [222, 251], [221, 251]]
java-faker;ca42fcfaf45cae1754c58e02e1d5d2a58ec03561;com.github.javafaker.Faker;Faker(Locale, Random);[59];[];[];[]
elasticsearch-analysis-ik;ca2bfe57320fbf2bbef20c9ca69b9d78f4912710;org.wltea.analyzer.dic.Dictionary;loadStopWordDict();[396];[];[396];[]
elasticsearch-analysis-ik;ca2bfe57320fbf2bbef20c9ca69b9d78f4912710;org.wltea.analyzer.help.Sleep;sleep(Type, int);[27, 31];[];[27, 31];[]
swagger-core;e7fea7c4889dbdd6a4e0b2d059c8aa0f126ab1c2;io.swagger.jaxrs2.OperationParser;getSchemaFromAnnotation(io.swagger.oas.annotations.media.Schema);[];[];[234, 187, 188];[]
protostuff;9a760015da4b5cdf196f954179517e18f2c40988;io.protostuff.runtime.MappedSchema;MappedSchema(Class<T>, Collection<Field<T>>, int);[];[[81, 80], [80, 80]];[];[[111, 108], [84, 81]]
protostuff;9a760015da4b5cdf196f954179517e18f2c40988;io.protostuff.runtime.MappedSchema;MappedSchema(Class<T>, Map<String,Field<T>>, int);[];[[119, 115], [118, 115]];[];[[145, 139]]
protostuff;9a760015da4b5cdf196f954179517e18f2c40988;io.protostuff.runtime.RuntimeSchema;createFrom(Class<T>, Map<String,String>, IdStrategy);[];[[310, 301], [309, 301], [308, 301], [307, 301], [306, 301]];[];[[311, 301], [281, 276]]
protostuff;9a760015da4b5cdf196f954179517e18f2c40988;io.protostuff.runtime.RuntimeSchema;createFrom(Class<T>, Set<String>, IdStrategy);[];[[258, 257], [257, 257], [256, 257], [260, 257], [259, 257]];[];[[190, 190], [262, 257]]
twilio-java;3618ebc2df694dc9f5678e0d8af69bb0329d3341;com.twilio.rest.http.NetworkHttpClient;NetworkHttpClient();[];[];[40, 41, 42];[]
closure-compiler;96e918311f265bdd989e10c331fe014c812f4f6b;com.google.javascript.jscomp.CommandLineRunner;initConfigFromFlags(String[], PrintStream, PrintStream);[1024, 993, 1025, 1027, 1031, 1000, 1064, 1033, 973, 1012, 1018, 1020, 1086, 991];[[949, 1025], [937, 1013], [924, 1001], [923, 1001], [918, 996], [917, 996], [916, 996], [915, 996], [914, 996], [913, 996], [912, 996], [911, 996], [910, 996], [907, 994], [898, 985], [904, 992], [890, 978]];[1024, 993, 1025, 1027, 979, 1012, 1064, 1000, 1018, 1020, 989, 991];[]
accumulo;10dfc20f56c0cb74eaedd9a5c77ab7a57ab7acfd;org.apache.accumulo.server.Accumulo;getAccumuloPersistentVersion(VolumeManager);[100];[];[100];[]
accumulo;10dfc20f56c0cb74eaedd9a5c77ab7a57ab7acfd;org.apache.accumulo.server.Accumulo;updateAccumuloVersion(VolumeManager, int);[62, 63];[];[62, 63];[]
accumulo;d7c50d1fd16334c6c42d90c3241c1751b2d9529e;org.apache.accumulo.master.replication.WorkMaker;run();[96, 97, 115, 69, 110];[[92, 92], [131, 132]];[96, 97, 115, 69];[]
pushy;58901c846e4f0874977c5aabbc34bcb4de3670e0;com.relayrides.pushy.apns.PushManager;handleConnectionClosure(ApnsConnection<T>);[515, 503, 510];[[503, 520]];[515, 503, 510];[[462, 500], [461, 500], [463, 502], [460, 500], [459, 500], [498, 516], [497, 516], [496, 516], [494, 516], [493, 516], [492, 516], [491, 516], [490, 516]]
pushy;58901c846e4f0874977c5aabbc34bcb4de3670e0;com.relayrides.pushy.apns.PushManager;handleConnectionFailure(ApnsConnection<T>, Throwable);[];[];[481, 482, 484, 489, 490, 476];[[450, 491]]
jumblr;f6efe42bf1b29e52b72832b8c1754fc93cd3ec4b;com.tumblr.jumblr.types.PhotoPostTest;setSourceWithoutData();[81, 83];[];[80];[]
jumblr;f6efe42bf1b29e52b72832b8c1754fc93cd3ec4b;com.tumblr.jumblr.types.PhotoPostTest;setDataWithoutSource();[65, 67];[];[64];[]
jumblr;f6efe42bf1b29e52b72832b8c1754fc93cd3ec4b;com.tumblr.jumblr.request.MultipartConverter;computeBody(Map<String,?>);[65, 83, 69, 85, 70, 79];[];[80, 65, 83, 69, 70, 79];[[79, 77]]
glacieruploader;cfeacbf6ce259d925301898491500214446bfa79;de.kopis.glacier.GlacierArchiveDownloader;download(URL, String, String);[42];[];[46];[]
glacieruploader;cfeacbf6ce259d925301898491500214446bfa79;de.kopis.glacier.VaultInventoryLister;retrieveInventoryListing(URL, String, String);[75];[];[64, 72, 73, 74, 75, 76];[[67, 69]]
swagger-maven-plugin;e825a7fdc6ef688f1253b93d2cb236e710acfc56;com.github.kongchen.swagger.docgen.reader.AbstractReader;hasValidAnnotations(List<Annotation>);[342, 343];[];[342];[]
atmosphere;48a0c5212a94377f0cf1053df1450b74dd77f28e;org.atmosphere.cpr.DefaultAsyncSupportResolver;newCometSupport(String);[256];[];[256];[]
atmosphere;48a0c5212a94377f0cf1053df1450b74dd77f28e;org.atmosphere.cpr.DefaultAsyncSupportResolver;newCometSupport(Class<?extendsAsyncSupport>);[241];[];[241];[]
